<?xml version="1.0" encoding="UTF-8" standalone="yes"?>
<addon id="service.subtitles.napiprojekt" name="Napiprojekt.pl" version="1.2.0" provider-name="CaTz, Kofii">
    <requires>
        <import addon="xbmc.python" version="3.0.0"/>
        <import addon="script.module.requests"/>
        <import addon="script.module.future"/>
    </requires>
    <extension point="xbmc.subtitle.module" library="service.py"/>
    <extension point="xbmc.addon.metadata">
		<summary lang="en_GB">Napiprojekt.pl</summary>
		<description lang="en_GB">Search and Download subtitles from napiprojekt.pl.</description>
		<source>https://github.com/mkaflowski/repo-scripts/tree/matrix/service.subtitles.napiprojekt</source>
		<forum>http://forum.kodi.tv/showthread.php?tid=186665</forum>
		<license>GPL-2.0-only</license>
    <assets>
        <icon>icon.png</icon>
    </assets>
    </extension>
</addon>