<?xml version="1.0" encoding="UTF-8"?>
<window>
    <menucontrol>300</menucontrol>
    <background>0</background>
    <defaultcontrol always="true">50</defaultcontrol>
    
    <views>50,51</views>
    <controls>
        <include>Global_Background</include>
        <include>Topbar</include>

        <control type="label" id="29"><visible>false</visible></control>

        <!-- List with Info -->
        <control type="group">
            <visible>Control.IsVisible(50)</visible>
            <include>View_Group</include>
            <control type="group">
                <right>-4</right>
                <include content="View_50_List_Control">
                
                    <param name="left" value="0" />
                    <param name="right" value="0" />
                    <param name="height" value="819" />
                    <param name="id" value="50" />
                    <param name="altid" value="9000" />
                    <param name="visible" value="true" />
                    <param name="itemlayout" value="View_50_PVR_Itemlayout" />
                    <param name="itemheight" value="item_pvr_height" />
                    <param name="selectbox" value="false" />
                    <param name="controllayout" value="View_PVR_Channels" />
                    <param name="controltype" value="list" />
                    <param name="viewtype" value="Info List" />
                </include>
            </control>
        </control>


        <control type="fixedlist" id="50">
          <left>0</left>
          <top>100</top>
          <right>918</right>
          <bottom>80</bottom>
          <onleft>9000</onleft>
          <onright>73</onright>
          <onup>500</onup>
          <ondown>500</ondown>
          <movement>4</movement>
          <focusposition>4</focusposition>
          <pagecontrol>73</pagecontrol>
          <scrolltime tween="cubic" easing="out">500</scrolltime>
          <viewtype label="535">list</viewtype>
          <include content="PVRListItemLayouts">
            <param name="list_id" value="50"/>
            <param name="label1" value="$INFO[ListItem.Label]"/>
            <param name="has_status_icon" value="true"/>
          </include>
        </control>




        <!-- List without info -->
      <control type="group">
        <depth>DepthContentPanel</depth>
        <include>OpenClose_Right</include>
        <width>870</width>
        <right>0</right>
        <include content="ContentPanel">
          <param name="left" value="-72"/>
          <param name="width" value="970"/>
          <param name="top" value="-20"/>
          <param name="flipx" value="true"/>
        </include>
        <control type="scrollbar" id="73">
          <left>-50</left>
          <top>100</top>
          <width>12</width>
          <bottom>80</bottom>
          <onleft>50</onleft>
          <onright>50</onright>
          <orientation>vertical</orientation>
          <animation effect="zoom" start="100,100" end="50,100" center="-50,0" time="300" tween="sine" easing="inout" condition="!Control.HasFocus(73)">conditional</animation>
        </control>
        <include>PVRInfoPanel</include>
      </control>



        <control type="button" id="9000">
            <onleft condition="Control.IsVisible(50)">50</onleft>
            <onup condition="Control.IsVisible(50)">Control.Move(50,-1)</onup>
            <ondown condition="Control.IsVisible(50)">Control.Move(50,1)</ondown>
            <onclick condition="Control.IsVisible(50)">SetFocus(50)</onclick>
            <onleft condition="Control.IsVisible(51)">51</onleft>
            <onup condition="Control.IsVisible(51)">Control.Move(51,-1)</onup>
            <ondown condition="Control.IsVisible(51)">Control.Move(51,1)</ondown>
            <onclick condition="Control.IsVisible(51)">SetFocus(51)</onclick>
            <onclick>Action(Select)</onclick>
            <onclick>SetFocus(9000)</onclick>
            <include>Defs_Hidden_Button</include>
        </control>

        <control type="list" id="300">
            <ondown>50</ondown>
            <include>Topbar_Menu_Layout</include>
            <include>Items_PVRQuickJump</include>
            <include>Items_View</include>
        </control>
        <include>Defs_Options_StandardButtons</include>
        <control type="label" id="30">
            <description>Groups</description>
            <include>Defs_Hidden_Button</include>
        </control>
        <control type="button" id="28">
            <description>Groups</description>
            <include>Defs_Hidden_Button</include>
        </control>
    </controls>
</window>
