<?xml version="1.0" encoding="UTF-8"?>
<includes>
  
  <variable name="PVRGuideControlsHelpTextVar">
    <value condition="Control.HasFocus(600)">$LOCALIZE[19063]</value>
    <value condition="Control.HasFocus(601)">$LOCALIZE[19317]</value>
    <value condition="Control.HasFocus(602)">$LOCALIZE[19070]</value>
    <value condition="Control.HasFocus(603)">$LOCALIZE[19318]</value>
    <value condition="Control.HasFocus(604)">$LOCALIZE[19064]</value>
    <value condition="Control.HasFocus(605)">$LOCALIZE[19288]</value>
    <value condition="Control.HasFocus(70040)">$LOCALIZE[19322]</value>
    <value condition="Control.HasFocus(70041)">$LOCALIZE[19323]</value>
    <value condition="Control.HasFocus(70042)">$LOCALIZE[19324]</value>
    <value condition="Control.HasFocus(70043)">$LOCALIZE[19319]</value>
    <value condition="Control.HasFocus(70044)">$LOCALIZE[19320]</value>
    <value condition="Control.HasFocus(70045)">$LOCALIZE[19321]</value>
  </variable>
  <variable name="OSDHelpTextVar">
    <value condition="Control.HasFocus(87) + !Player.Paused">$LOCALIZE[31054]</value>
    <value condition="Control.HasFocus(87) + [Player.Paused + Window.IsVisible(videoosd)]">$LOCALIZE[31055]</value>
    <value condition="Control.HasFocus(608)+ PVR.IsRecordingPlayingChannel">$LOCALIZE[19059]</value>
    <value condition="Control.HasFocus(608)">$LOCALIZE[264]</value>
    <value condition="Control.HasFocus(70040)">$LOCALIZE[19019]</value>
    <value condition="Control.HasFocus(70041)">$LOCALIZE[19069]</value>
    <value condition="Control.HasFocus(70042)">$LOCALIZE[31065]</value>
    <value condition="Control.HasFocus(70043)">$LOCALIZE[19033]</value>
    <value condition="Control.HasFocus(70044)">$LOCALIZE[298]</value>
    <value condition="Control.HasFocus(70045)">$LOCALIZE[31106]</value>
    <value condition="Control.HasFocus(70046)">$LOCALIZE[24012]</value>
    <value condition="Control.HasFocus(70047)">$LOCALIZE[36501]</value>
    <value condition="Control.HasFocus(70048)">$LOCALIZE[5]</value>
    <value condition="Control.HasFocus(70050)">$LOCALIZE[29900]</value>
    <value condition="Control.HasFocus(70051)">$LOCALIZE[31066]</value>
    <value condition="Control.HasFocus(70052)">$LOCALIZE[31033]$INFO[MusicPlayer.UserRating, : ]</value>
    <value condition="Control.HasFocus(70053)">$LOCALIZE[486]$INFO[Playlist.Repeat, : ]</value>
    <value condition="Control.HasFocus(70054) + Playlist.IsRandom">$LOCALIZE[590]: $LOCALIZE[16041]</value>
    <value condition="Control.HasFocus(70054)">$LOCALIZE[590]: $LOCALIZE[16039]</value>
    <value condition="Control.HasFocus(70055)">$LOCALIZE[24013]</value>
  </variable>
  <variable name="SkinSettingsHelpTextVar">
    <value condition="Container(9000).HasFocus(1)">$LOCALIZE[31129]</value>
    <value condition="Container(9000).HasFocus(2)">$LOCALIZE[31130]</value>
    <value condition="Container(9000).HasFocus(3)">$LOCALIZE[31169]</value>
    <value condition="Container(9000).HasFocus(4)">$LOCALIZE[31279]</value>
    <value condition="Container(9000).HasFocus(5)">$LOCALIZE[31280]</value>
    <value condition="Container(9000).HasFocus(6)">$LOCALIZE[31281]</value>
    <value condition="Container(9000).HasFocus(7)">$LOCALIZE[31282]</value>
  </variable>
  <variable name="VolumeIconVar">
    <value condition="Player.Muted">dialogs/volume/mute.png</value>
    <value condition="Integer.IsGreater(Player.Volume,66)">dialogs/volume/volume.png</value>
    <value condition="Integer.IsGreater(Player.Volume,33)">dialogs/volume/volume2.png</value>
    <value condition="player.passthrough">dialogs/volume/volume.png</value>
    <value>dialogs/volume/volume1.png</value>
  </variable>
  <variable name="ListSubLabelVar">
    <value condition="ListItem.IsCollection">
    </value>
    <value>[COLOR grey]$INFO[ListItem.Year, (,)][/COLOR]</value>
  </variable>
  <variable name="VideoInfoMainLabelVar">
    <value condition="String.IsEqual(ListItem.DBType,set)">$INFO[ListItem.Title]</value>
    <value condition="!String.IsEmpty(ListItem.TVShowTitle)">$INFO[ListItem.TVShowTitle]$INFO[ListItem.Year, ([COLOR grey],[/COLOR])]</value>
    <value condition="!String.IsEmpty(ListItem.Title)">$INFO[ListItem.Title]$INFO[ListItem.Year, ([COLOR grey],[/COLOR])]</value>
    <value>$INFO[ListItem.Label]$INFO[ListItem.Year, ([COLOR grey],[/COLOR])]</value>
  </variable>
  <variable name="VideoInfoPlayButtonLabelVar">
    <value condition="String.IsEqual(ListItem.DBType,tvshow) | String.IsEqual(ListItem.DBType,season) | String.IsEqual(ListItem.DBType,set)">$LOCALIZE[1024]</value>
    <value>$LOCALIZE[208]</value>
  </variable>
  <variable name="VideoInfoSubLabelVar">
    <value condition="String.IsEqual(ListItem.DBType,episode)">$INFO[ListItem.Season]$INFO[ListItem.Episode,[COLOR grey]x[/COLOR],: ]$INFO[ListItem.Title]</value>
    <value condition="String.IsEqual(ListItem.DBType,movie)">$INFO[ListItem.Tagline,[I],[/I]]</value>
    <value>$INFO[ListItem.Genre]</value>
  </variable>
  <variable name="VideoInfoBottomLabelVar">
    <value condition="Control.HasFocus(8)">$INFO[ListItem.LastPlayed,$LOCALIZE[568]: ]</value>
    <value condition="Control.HasFocus(6)">$INFO[ListItem.FileNameAndPath]</value>
  </variable>
  <variable name="PictureInfoMainLabelVar">
    <value condition="Window.IsActive(Slideshow)">$INFO[SlideShow.Filename]</value>
    <value>$INFO[ListItem.Label]</value>
  </variable>
  <variable name="PictureInfoSubLabelVar">
    <value condition="Window.IsActive(Slideshow)">$INFO[SlideShow.EXIFtime]</value>
    <value>$INFO[ListItem.PictureDateTime]</value>
  </variable>
  <variable name="NowPlayingBreadcrumbsVar">
    <value condition="MusicPlayer.Content(livetv) + Player.HasAudio">$INFO[MusicPlayer.Artist,, - ]$INFO[MusicPlayer.Title]</value>
    <value condition="VideoPlayer.Content(livetv)">$INFO[VideoPlayer.Title]</value>
    <value condition="VideoPlayer.Content(episodes) + Window.IsActive(fullscreenvideo)">$INFO[VideoPlayer.TVShowTitle]$INFO[VideoPlayer.Year, (,)]</value>
    <value condition="!VideoPlayer.Content(episodes) + Window.IsActive(fullscreenvideo)">$INFO[VideoPlayer.Title]$INFO[VideoPlayer.Year, (,)]</value>
    <value condition="MusicPartyMode.Enabled">$LOCALIZE[589]</value>
    <value condition="!String.IsEmpty(MusicPlayer.Station)">$INFO[MusicPlayer.Station]</value>
    <value>$LOCALIZE[31000]...</value>
  </variable>
  <variable name="OSDSubLabelVar">
    <value condition="Window.IsActive(visualisation) + Integer.IsGreater(Playlist.Length(music),1) + Integer.IsGreater(Playlist.Position(music),0)">$LOCALIZE[554] $INFO[Playlist.Position] / $INFO[Playlist.Length]</value>
    <value condition="VideoPlayer.Content(musicvideos)">$VAR[NowPlayingSublabelVar,,[CR]][COLOR $VAR[ColorHighlight]]$LOCALIZE[21396]: [/COLOR]$INFO[player.chapter]$INFO[Player.ChapterCount,/]$INFO[Player.ChapterName, - ]</value>
    <value condition="VideoPlayer.Content(episodes) + !player.chaptercount">[COLOR $VAR[ColorHighlight]][CAPITALIZE]$LOCALIZE[36906][/CAPITALIZE]:[/COLOR] S$INFO[VideoPlayer.Season]$INFO[VideoPlayer.Episode,E,: ]$INFO[VideoPlayer.Title]</value>
    <value condition="VideoPlayer.Content(episodes) + player.chaptercount">[COLOR $VAR[ColorHighlight]][CAPITALIZE]$LOCALIZE[36906][/CAPITALIZE]:[/COLOR] S$INFO[VideoPlayer.Season]$INFO[VideoPlayer.Episode,E, - ]$INFO[VideoPlayer.Title,,[CR]][COLOR $VAR[ColorHighlight]]$LOCALIZE[21396]:[/COLOR] $INFO[player.chapter]$INFO[Player.ChapterCount,/]$INFO[Player.ChapterName, - ]</value>
    <value condition="VideoPlayer.Content(LiveTV) | PVR.IsPlayingRecording | PVR.IsPlayingEpgTag">([COLOR $VAR[ColorHighlight]]$INFO[VideoPlayer.ChannelNumberLabel][/COLOR]) $INFO[VideoPlayer.ChannelName] $INFO[VideoPlayer.EpisodeName, - ]</value>
    <value condition="player.chaptercount + [!VideoPlayer.Content(episodes) + !VideoPlayer.Content(LiveTV)]">[COLOR $VAR[ColorHighlight]]$LOCALIZE[21396]:[/COLOR] $INFO[player.chapter]$INFO[Player.ChapterCount,/]$INFO[Player.ChapterName, - ]</value>
    <value>$INFO[VideoPlayer.Genre]</value>
  </variable>
  <variable name="OSDNextLabelVar">
    <value condition="Window.IsActive(visualisation)">[COLOR $VAR[ColorHighlight]]$LOCALIZE[19031]: [/COLOR]$INFO[MusicPlayer.offset(1).Title]$INFO[MusicPlayer.offset(1).Artist, - ]$INFO[MusicPlayer.offset(1).Album, - ]$INFO[MusicPlayer.offset(1).Year, (,)]</value>
    <value condition="VideoPlayer.Content(musicvideos)">[COLOR $VAR[ColorHighlight]]$LOCALIZE[19031]: [/COLOR]$INFO[VideoPlayer.offset(1).Title]$INFO[VideoPlayer.offset(1).Artist, - ]$INFO[VideoPlayer.offset(1).Album, - ]$INFO[VideoPlayer.offset(1).Year, (,)]</value>
    <value condition="VideoPlayer.Content(livetv)">[COLOR=$VAR[ColorHighlight]]$LOCALIZE[19031]: [/COLOR]$INFO[VideoPlayer.NextStartTime, ]$INFO[VideoPlayer.NextEndTime, - ]$INFO[VideoPlayer.NextTitle,: ]</value>
    <value condition="VideoPlayer.Content(episodes) + Window.IsActive(fullscreenvideo)">[COLOR $VAR[ColorHighlight]]$LOCALIZE[19031]: [/COLOR]$INFO[VideoPlayer.offset(1).TVShowtitle]$INFO[VideoPlayer.offset(1).Season, - S,]$INFO[VideoPlayer.offset(1).Episode,E]$INFO[VideoPlayer.offset(1).Title, - ]</value>
    <value>[COLOR $VAR[ColorHighlight]]$LOCALIZE[19031]: [/COLOR]$INFO[VideoPlayer.offset(1).Title]$INFO[VideoPlayer.offset(1).Year, (,)]</value>
  </variable>
  <variable name="PlayerClearLogoVar">
    <value condition="!String.IsEmpty(Player.Art(tvshow.clearlogo))">$INFO[Player.Art(tvshow.clearlogo)]</value>
    <value condition="!String.IsEmpty(Player.Art(clearlogo))">$INFO[Player.Art(clearlogo)]</value>
  </variable>
  <variable name="AddonsFanartVar">
    <value condition="Skin.HasSetting(no_fanart)">
    </value>
    <value condition="Window.IsActive(musicinformation) | Window.IsActive(movieinformation) | Window.IsActive(addoninformation) | Window.IsActive(pvrguideinfo) | Window.IsActive(pvrrecordinginfo) | Window.IsActive(pictureinfo)">$INFO[Window(home).Property(infobackground)]</value>
    <value condition="!String.IsEmpty(Container.ListItem.Art(fanart))">$INFO[Container.ListItem.Art(fanart)]</value>
    <value condition="!String.IsEmpty(Skin.String(HomeFanart.path))">$INFO[Skin.String(HomeFanart.path)]$INFO[Container(9000).ListItem.Property(id)]$INFO[Skin.String(HomeFanart.ext)]</value>
    <value condition="!String.IsEmpty(Skin.String(HomeBackgroundImage))">$INFO[Skin.String(HomeBackgroundImage)]</value>
  </variable>
  <variable name="HomeFanartVar">
    <value condition="Skin.HasSetting(no_fanart)">
    </value>
    <value condition="Window.IsActive(musicinformation) | Window.IsActive(movieinformation) | Window.IsActive(addoninformation) | Window.IsActive(pvrguideinfo) | Window.IsActive(pvrrecordinginfo) | Window.IsActive(pictureinfo)">$INFO[Window(home).Property(infobackground)]</value>
    <value condition="!String.IsEmpty(Container.ListItem.Art(fanart))">$INFO[Container.ListItem.Art(fanart)]</value>
    <value condition="!String.IsEmpty(Skin.String(HomeBackgroundImage))">$INFO[Skin.String(HomeBackgroundImage)]</value>
    <value condition="!String.IsEmpty(Container.ListItem.Property(FanartCode))">$INFO[Skin.String(WeatherFanart.path)]$INFO[Container.ListItem.Property(FanartCode)]$INFO[Skin.String(WeatherFanart.ext)]</value>
    <value condition="!String.IsEmpty(Skin.String(HomeFanart.path)) + Control.HasFocus(804)">$INFO[Skin.String(HomeFanart.path)]power$INFO[Skin.String(HomeFanart.ext)]</value>
    <value condition="!String.IsEmpty(Skin.String(HomeFanart.path)) + Control.HasFocus(802)">$INFO[Skin.String(HomeFanart.path)]settings$INFO[Skin.String(HomeFanart.ext)]</value>
    <value condition="!String.IsEmpty(Skin.String(HomeFanart.path)) + Control.HasFocus(803)">$INFO[Skin.String(HomeFanart.path)]favorites$INFO[Skin.String(HomeFanart.ext)]</value>
    <value condition="!String.IsEmpty(Skin.String(HomeFanart.path)) + Control.HasFocus(801)">$INFO[Skin.String(HomeFanart.path)]search$INFO[Skin.String(HomeFanart.ext)]</value>
    <value condition="!String.IsEmpty(Skin.String(HomeFanart.path))">$INFO[Skin.String(HomeFanart.path)]$INFO[Container(9000).ListItem.Property(id)]$INFO[Skin.String(HomeFanart.ext)]</value>
  </variable>
  <variable name="MediaFanartVar">
    <value condition="Skin.HasSetting(no_fanart)">
    </value>
    <value condition="Window.IsActive(musicinformation) | Window.IsActive(movieinformation) | Window.IsActive(addoninformation) | Window.IsActive(pvrguideinfo) | Window.IsActive(pvrrecordinginfo) | Window.IsActive(pictureinfo)">$INFO[Window(home).Property(infobackground)]</value>
    <value condition="Container.Content(genres) + Window.IsActive(videos)">$INFO[Skin.String(MovieGenreFanart.path)]$INFO[ListItem.Label]$INFO[Skin.String(MovieGenreFanart.ext)]</value>
    <value condition="Window.IsActive(pictures) + String.IsEmpty(ListItem.Art(fanart))">$INFO[ListItem.FolderPath]</value>
    <value condition="!String.IsEmpty(ListItem.Art(fanart))">$INFO[ListItem.Art(fanart)]</value>
    <value condition="!String.IsEmpty(Skin.String(HomeBackgroundImage))">$INFO[Skin.String(HomeBackgroundImage)]</value>
    <value condition="!String.IsEmpty(Container.Art(tvshow.fanart))">$INFO[Container.Art(tvshow.fanart)]</value>
    <value condition="!String.IsEmpty(Container.Art(artist.fanart))">$INFO[Container.Art(artist.fanart)]</value>
    <!-- home fanart first widget item -->
    <value condition="Window.IsVisible(home) + String.IsEmpty(Container(3000).ListItem.Property(Background)) + !String.IsEmpty(Container(7502).ListItem.Art(fanart)) + Control.IsVisible(7502)">$INFO[Container(7502).ListItem.Art(fanart)]</value>
    <!-- flix hub fanart -->
    <value condition="!String.IsEmpty(Window(home).Property(spotlight_Fanart)) + Window.IsActive(1140)">$INFO[Window(home).Property(spotlight_Fanart)]</value>
    <value>$INFO[Container.Art(fanart)]</value>
  </variable>
  <variable name="BlurBackground">
    <value condition="Skin.HasSetting(TMDbHelper.EnableBlur) + !Skin.HasSetting(DontBlurHome)">$INFO[Window(Home).Property(TMDbHelper.ListItem.BlurImage)]</value>
    <value condition="Skin.HasSetting(DontBlurHome) + [Skin.HasSetting(TMDbHelper.EnableBlur) + [!Window.IsVisible(Home) | $EXP[infodialog_active]]]">$INFO[Window(Home).Property(TMDbHelper.ListItem.BlurImage)]</value>
    <value condition="!String.IsEmpty(ListItem.Property(background))">$INFO[ListItem.Property(background)]</value>
    <value>$VAR[MediaFanartVar]</value>
  </variable>
  <variable name="BlurSpotlight">
    <value condition="Window.IsVisible(1141)">$INFO[Window(Home).Property(TMDbHelper.ListItem.BlurImage)]</value>
  </variable>
  <variable name="WeatherFanartVar">
    <value condition="!String.IsEmpty(Container.ListItem.Property(FanartCode))">$INFO[Skin.String(WeatherFanart.path)]$INFO[Container.ListItem.Property(FanartCode)]$INFO[Skin.String(WeatherFanart.ext)]</value>
    <value condition="!String.IsEmpty(Window(weather).Property(current.fanartcode)) + !String.IsEmpty(Skin.String(weatherfanart.path))">$INFO[Skin.String(weatherfanart.path)]$INFO[Window(Weather).Property(Current.FanartCode)]$INFO[Skin.String(weatherfanart.ext)]</value>
    <value condition="!String.IsEmpty(Skin.String(HomeFanart.path))">$INFO[Skin.String(HomeFanart.path)]weather$INFO[Skin.String(HomeFanart.ext)]</value>
  </variable>
  <variable name="ListWatchedIconVar">
    <value condition="ListItem.IsRecording">windows/pvr/record.png</value>
    <value condition="ListItem.IsPlaying">overlays/watched/OverlayPlaying-List.png</value>
    <value condition="ListItem.IsResumable">overlays/watched/resume.png</value>
    <value condition="ListItem.IsCollection">overlays/set.png</value>
    <value condition="ListItem.IsFolder + String.IsEmpty(Listitem.dbtype) + !String.IsEqual(ListItem.Overlay,OverlayWatched.png) + !ListItem.IsParentFolder">overlays/folder.png</value>
    <value condition="!String.IsEmpty(ListItem.Overlay)">$INFO[ListItem.Overlay]</value>
    <value condition="!ListItem.IsParentFolder">OverlayUnwatched.png</value>
  </variable>
  <variable name="WallWatchedIconVar">
    <value condition="ListItem.IsRecording">windows/pvr/record.png</value>
    <value condition="ListItem.IsCollection">overlays/set.png</value>
    <value condition="ListItem.IsPlaying">overlays/watched/OverlayPlaying-List.png</value>
    <value condition="ListItem.IsResumable">overlays/watched/resume.png</value>
    <value condition="ListItem.HasArchive">windows/pvr/archive.png</value>
    <value condition="Integer.IsGreater(ListItem.Playcount,0)">$INFO[ListItem.Overlay]</value>
  </variable>
  <variable name="ListPVRRecordingsIconVar">
    <value condition="ListItem.IsRecording">windows/pvr/record.png</value>
    <value condition="ListItem.IsResumable">overlays/watched/resume.png</value>
    <value condition="!String.IsEmpty(ListItem.Overlay)">$INFO[ListItem.Overlay]</value>
    <value condition="!ListItem.IsParentFolder">OverlayUnwatched.png</value>
  </variable>
  <variable name="ListPVRTimersIconVar">
    <value condition="ListItem.IsRecording">windows/pvr/record.png</value>
    <value condition="ListItem.HasReminder">icons/pvr/timers/bell.png</value>
    <value>icons/pvr/timers/recording.png</value>
  </variable>
  <!-- Breadcrumbs -->
  <variable name="BreadcrumbsVideoIconVar">
    <value condition="Container.Content(movies) | String.StartsWith(container.folderpath,library://video/movies/) | String.StartsWith(container.folderpath,videodb://movies)">special://skin/extras/icons/film.png</value>
    <value condition="Container.Content(musicvideos) | String.StartsWith(container.folderpath,library://video/musicvideos/) | String.StartsWith(container.folderpath,videodb://musicvideos)">special://skin/extras/icons/sets.png</value>
    <value condition="Container.Content(tvshows) | String.StartsWith(container.folderpath,library://video/tvshows/) | String.StartsWith(container.folderpath,videodb://tvshows)">special://skin/extras/icons/tv.png</value>
    <value condition="Container.Content(seasons)">special://skin/extras/icons/tv.png</value>
    <value condition="Container.Content(episodes)">special://skin/extras/icons/tv.png</value>
    <value>special://skin/extras/icons/kodi.png</value>
  </variable>
  <variable name="BreadcrumbsVideoVar">
    <value condition="Container.Content(movies) | String.StartsWith(container.folderpath,library://video/movies/) | String.StartsWith(container.folderpath,videodb://movies)">$LOCALIZE[20342]</value>
    <value condition="Container.Content(musicvideos) | String.StartsWith(container.folderpath,library://video/musicvideos/) | String.StartsWith(container.folderpath,videodb://musicvideos)">$LOCALIZE[20389]</value>
    <value condition="Container.Content(tvshows) | String.StartsWith(container.folderpath,library://video/tvshows/) | String.StartsWith(container.folderpath,videodb://tvshows)">$LOCALIZE[20343]</value>
    <value condition="Container.Content(seasons)">$LOCALIZE[20343]</value>
    <value condition="Container.Content(episodes)">$LOCALIZE[20343]</value>
    <value>$LOCALIZE[3]</value>
  </variable>
  <variable name="BreadcrumbsPVRChannelsVar">
    <value condition="Window.IsActive(TVChannels)">$LOCALIZE[19020] / $LOCALIZE[19019] / $INFO[Control.GetLabel(29)]</value>
    <value>$LOCALIZE[19021] / $LOCALIZE[19019] / $INFO[Control.GetLabel(29)]</value>
  </variable>
  <variable name="BreadcrumbsPVRGuideVar">
    <value condition="Window.IsActive(TVGuide)">$LOCALIZE[19020] / $INFO[Control.GetLabel(29)] - $INFO[Control.GetLabel(30)]</value>
    <value>$LOCALIZE[19021] / $INFO[Control.GetLabel(29)] - $INFO[Control.GetLabel(30)]</value>
  </variable>
  <variable name="BreadcrumbsPVRRecordingsVar">
    <value condition="Window.IsActive(TVRecordings) + String.Contains(Control.GetLabel(7),*)">$LOCALIZE[19020] / $LOCALIZE[19017]$INFO[Control.GetLabel(30), / ] - $LOCALIZE[19179]</value>
    <value condition="Window.IsActive(TVRecordings) + !String.Contains(Control.GetLabel(7),*)">$LOCALIZE[19020] / $LOCALIZE[19017]$INFO[Control.GetLabel(30), / ]</value>
    <value condition="Window.IsActive(RadioRecordings) + String.Contains(Control.GetLabel(7),*)">$LOCALIZE[19021] / $LOCALIZE[19017]$INFO[Control.GetLabel(30), / ] - $LOCALIZE[19179]</value>
    <value>$LOCALIZE[19021] / $LOCALIZE[19017]$INFO[Control.GetLabel(30), / ]</value>
  </variable>
  <variable name="BreadcrumbsPVRTimersVar">
    <value condition="Window.IsActive(TVTimers)">$LOCALIZE[19020] / $LOCALIZE[19040]</value>
    <value condition="Window.IsActive(RadioTimers)">$LOCALIZE[19021] / $LOCALIZE[19040]</value>
    <value condition="Window.IsActive(TVTimerRules)">$LOCALIZE[19020] / $LOCALIZE[19138]$INFO[Control.GetLabel(29), / ]</value>
    <value>$LOCALIZE[19021] / $LOCALIZE[19138]$INFO[Control.GetLabel(29), / ]</value>
  </variable>
  <variable name="BreadcrumbsPVRSearchVar">
    <value condition="Window.IsActive(TVSearch)">$LOCALIZE[19020] / $LOCALIZE[137]</value>
    <value>$LOCALIZE[19021] / $LOCALIZE[137]</value>
  </variable>
  <variable name="BreadcrumbsPVRChannelsOSDVar">
    <value condition="PVR.IsPlayingTV">$LOCALIZE[19020] / $LOCALIZE[19019] / $INFO[VideoPlayer.ChannelGroup]</value>
    <value condition="PVR.IsPlayingRadio">$LOCALIZE[19021] / $LOCALIZE[19019] / $INFO[VideoPlayer.ChannelGroup]</value>
    <value>$LOCALIZE[19019] / $INFO[VideoPlayer.ChannelGroup]</value>
  </variable>
  <variable name="BreadcrumbsGameVar">
    <value>$LOCALIZE[15016]</value>
  </variable>
  <variable name="RepeatButtonColordiffuseVar">
    <value condition="Control.HasFocus(704)">Highlight</value>
    <value>FFFFFFFF</value>
  </variable>
  <variable name="PVRChannelMgrHeader">
    <value condition="!String.IsEmpty(Window.Property(IsRadio))">$LOCALIZE[19199] - $LOCALIZE[19024]</value>
    <value>$LOCALIZE[19199] - $LOCALIZE[19023]</value>
  </variable>
  <variable name="RDSInfoSubTitle">
    <value condition="String.IsEmpty(MusicPlayer.ChannelName)">$INFO[Player.Title]</value>
    <value>$INFO[MusicPlayer.ChannelName]$INFO[Player.Title, - ]</value>
  </variable>
  <variable name="PVRGroupMgrHeader">
    <value condition="!String.IsEmpty(Window.Property(IsRadio))">$LOCALIZE[19048] - $LOCALIZE[19174]</value>
    <value>$LOCALIZE[19048] - $LOCALIZE[19173]</value>
  </variable>
  <variable name="PVRAreaVar">
    <value condition="Control.HasFocus(100)">$LOCALIZE[19019]</value>
    <value condition="Control.HasFocus(101)">$LOCALIZE[19069]</value>
    <value condition="Control.HasFocus(102)">$LOCALIZE[19017]</value>
    <value condition="Control.HasFocus(103)">$LOCALIZE[19040]</value>
    <value condition="Control.HasFocus(104)">$LOCALIZE[19138]</value>
    <value condition="Control.HasFocus(105)">$LOCALIZE[137]</value>
  </variable>
  <variable name="PlayerControlsPlayImageVar">
    <value condition="Player.Playing">osd/fullscreen/buttons/pause.png</value>
    <value>osd/fullscreen/buttons/play.png</value>
  </variable>
  <variable name="PlayerControlsRepeatImageVar">
    <value condition="Playlist.IsRepeatOne">osd/fullscreen/buttons/repeat-one.png</value>
    <value condition="Playlist.IsRepeat">osd/fullscreen/buttons/repeat-all.png</value>
    <value>osd/fullscreen/buttons/repeat-off.png</value>
  </variable>
  <variable name="PlayerLabel1">
    <value condition="Player.HasVideo">$INFO[VideoPlayer.Title]</value>
    <value condition="Player.HasAudio">$INFO[MusicPlayer.Artist]</value>
  </variable>
  <variable name="PlayerLabel2">
    <value condition="VideoPlayer.Content(episodes)">$LOCALIZE[20373]$INFO[VideoPlayer.Season,: , / ]$LOCALIZE[20359]$INFO[VideoPlayer.Episode,: ]</value>
    <value condition="VideoPlayer.Content(movies)">$INFO[VideoPlayer.Year]</value>
    <value condition="VideoPlayer.Content(livetv)">$INFO[VideoPlayer.ChannelName]</value>
    <value condition="Player.HasAudio">[COLOR grey]$INFO[MusicPlayer.Album][/COLOR]$INFO[MusicPlayer.Year, [,] ]</value>
  </variable>
  <variable name="PlayerLabel3">
    <value condition="VideoPlayer.Content(episodes)">$INFO[VideoPlayer.TvShowTitle]</value>
    <value condition="VideoPlayer.Content(movies) | VideoPlayer.Content(livetv)">$INFO[VideoPlayer.Genre]</value>
    <value condition="Player.HasAudio">$INFO[MusicPlayer.TrackNumber,,: ][COLOR=grey]$INFO[Player.Title][/COLOR]</value>
  </variable>
  <variable name="PVRTimerIcon">
    <value condition="ListItem.IsRecording">icons/pvr/PVR-IsRecording.png</value>
    <value condition="ListItem.HasReminder">icons/pvr/timers/bell.png</value>
    <value condition="ListItem.HasTimerSchedule + ListItem.TimerHasError">icons/pvr/PVR-HasTimerScheduleError.png</value>
    <value condition="ListItem.HasTimer + ListItem.TimerHasError">icons/pvr/PVR-HasTimerError.png</value>
    <value condition="ListItem.HasTimerSchedule + ListItem.TimerHasConflict">icons/pvr/PVR-HasTimerScheduleConflict.png</value>
    <value condition="ListItem.HasTimer + ListItem.TimerHasConflict">icons/pvr/PVR-HasTimerConflict.png</value>
    <value condition="ListItem.HasRecording">icons/pvr/PVR-HasRecording.png</value>
    <value condition="ListItem.HasTimerSchedule + !ListItem.TimerIsActive">icons/pvr/PVR-HasTimerScheduleDisabled.png</value>
    <value condition="ListItem.HasTimer + !ListItem.TimerIsActive">icons/pvr/PVR-HasTimerDisabled.png</value>
    <value condition="ListItem.HasTimerSchedule">icons/pvr/PVR-HasTimerSchedule.png</value>
    <value condition="ListItem.HasTimer">icons/pvr/PVR-HasTimer.png</value>
    <value condition="ListItem.IsPlayable">icons/pvr/PVR-HasArchive.png</value>
  </variable>
  <variable name="SeasonEpisodeLabel">
    <value condition="String.IsEmpty(ListItem.EpisodeName)">$INFO[ListItem.Season,S]$INFO[ListItem.Episode,E]</value>
    <value>$INFO[ListItem.Season,S]$INFO[ListItem.Episode,E,: ]</value>
  </variable>
  <variable name="PremieredLabel">
    <value>$INFO[ListItem.Premiered,[COLOR grey]$LOCALIZE[20416]:[/COLOR] ,[CR]]</value>
  </variable>
  <variable name="FlagLabel">
    <value condition="ListItem.IsPremiere">[B][COLOR $VAR[ColorHighlight]]$LOCALIZE[838][/COLOR][/B]</value>
    <value condition="ListItem.IsFinale">[B][COLOR $VAR[ColorHighlight]]$LOCALIZE[849][/COLOR][/B]</value>
    <value condition="ListItem.IsLive">[B][COLOR $VAR[ColorHighlight]]$LOCALIZE[839][/COLOR][/B]</value>
    <value condition="ListItem.IsNew">[B][COLOR $VAR[ColorHighlight]]$LOCALIZE[842][/COLOR][/B]</value>
  </variable>
  <variable name="FlagDashLabel">
    <value condition="ListItem.IsPremiere + String.IsEmpty(ListItem.Season) + String.IsEmpty(ListItem.Episode) + String.IsEmpty(ListItem.EpisodeName)">[B][COLOR $VAR[ColorHighlight]]$LOCALIZE[838][/COLOR][/B]</value>
    <value condition="ListItem.IsPremiere">[B][COLOR $VAR[ColorHighlight]]$LOCALIZE[838][/COLOR][/B] - </value>
    <value condition="ListItem.IsFinale + String.IsEmpty(ListItem.Season) + String.IsEmpty(ListItem.Episode) + String.IsEmpty(ListItem.EpisodeName)">[B][COLOR $VAR[ColorHighlight]]$LOCALIZE[849][/COLOR][/B]</value>
    <value condition="ListItem.IsFinale">[B][COLOR $VAR[ColorHighlight]]$LOCALIZE[849][/COLOR][/B] - </value>
    <value condition="ListItem.IsLive + String.IsEmpty(ListItem.Season) + String.IsEmpty(ListItem.Episode) + String.IsEmpty(ListItem.EpisodeName)">[B][COLOR $VAR[ColorHighlight]]$LOCALIZE[839][/COLOR][/B]</value>
    <value condition="ListItem.IsLive">[B][COLOR $VAR[ColorHighlight]]$LOCALIZE[839][/COLOR][/B] - </value>
    <value condition="ListItem.IsNew + String.IsEmpty(ListItem.Season) + String.IsEmpty(ListItem.Episode) + String.IsEmpty(ListItem.EpisodeName)">[B][COLOR $VAR[ColorHighlight]]$LOCALIZE[842][/COLOR][/B]</value>
    <value condition="ListItem.IsNew">[B][COLOR $VAR[ColorHighlight]]$LOCALIZE[842][/COLOR][/B] - </value>
  </variable>
  <variable name="RecordingSizeLabel">
    <value condition="!String.IsEmpty(ListItem.Size) + !String.IsEqual(ListItem.Size,0 B)">$INFO[ListItem.Size,[COLOR grey]$LOCALIZE[22031]:[/COLOR] ,[CR]]</value>
  </variable>
  <variable name="RecordingDateSizeLabel">
    <value condition="!String.IsEmpty(ListItem.Size) + !String.IsEqual(ListItem.Size,0 B)">$INFO[ListItem.Date,[COLOR grey],[/COLOR]]$INFO[ListItem.Size, (,)[CR]]</value>
    <value>$INFO[ListItem.Date,[COLOR grey],[/COLOR][CR]]</value>
  </variable>
  <variable name="ExpirationDateTimeLabel">
    <value condition="!String.IsEmpty(ListItem.ExpirationDate)">[COLOR grey]$LOCALIZE[19299]:[/COLOR] $INFO[ListItem.ExpirationDate] $INFO[ListItem.ExpirationTime][CR]</value>
  </variable>
  <variable name="VideoHWDecoder">
    <value condition="Player.Process(videohwdecoder)">HW</value>
    <value>SW</value>
  </variable>
  <variable name="AddonNewsVar">
    <value condition="!String.IsEmpty(ListItem.AddonNews)">$LOCALIZE[31136]</value>
  </variable>
  <variable name="PVRNextProgrammeLabel">
    <value condition="!String.IsEmpty(ListItem.NextStartTime) + !String.IsEmpty(ListItem.NextTitle)">[COLOR grey]$LOCALIZE[19031]:[/COLOR] $INFO[ListItem.NextStartTime]: $INFO[ListItem.NextTitle]</value>
    <value condition="!String.IsEmpty(ListItem.NextTitle)">[COLOR grey]$LOCALIZE[19031]:[/COLOR] $INFO[ListItem.NextTitle]</value>
  </variable>
  <variable name="PVRListItemSubLabel">
    <value condition="ListItem.IsFolder">[COLOR grey]$INFO[ListItem.Timertype][/COLOR]</value>
    <value condition="$EXP[listitem_has_episode_info] + !String.IsEmpty(ListItem.EpgEventTitle) + !String.StartsWith(ListItem.EpisodeName,ListItem.EpgEventTitle)">$INFO[ListItem.EpgEventTitle] | [COLOR grey]$VAR[SeasonEpisodeLabel]$INFO[ListItem.EpisodeName][/COLOR]</value>
    <value condition="$EXP[listitem_has_episode_info]">[COLOR grey]$VAR[SeasonEpisodeLabel]$INFO[ListItem.EpisodeName][/COLOR]</value>
    <value>$INFO[ListItem.EpgEventTitle]</value>
  </variable>
  <variable name="PVRListItemSubLabelFocused">
    <value condition="ListItem.IsFolder">$INFO[ListItem.Timertype]</value>
    <value condition="$EXP[listitem_has_episode_info] + !String.IsEmpty(ListItem.EpgEventTitle) + !String.StartsWith(ListItem.EpisodeName,ListItem.EpgEventTitle)">$INFO[ListItem.EpgEventTitle] | $VAR[SeasonEpisodeLabel]$INFO[ListItem.EpisodeName]</value>
    <value condition="$EXP[listitem_has_episode_info]">$VAR[SeasonEpisodeLabel]$INFO[ListItem.EpisodeName]</value>
    <value>$INFO[ListItem.EpgEventTitle]</value>
  </variable>
  <variable name="PVRInfoPanelDateDurationLabel">
    <value condition="!String.IsEmpty(ListItem.StartDate) + !String.IsEmpty(ListItem.StartTime)">$INFO[ListItem.StartDate,[COLOR grey]$LOCALIZE[552]:[/COLOR] ,[CR]]$INFO[ListItem.StartTime,[COLOR grey]$LOCALIZE[555]:[/COLOR] ,[CR]]$INFO[ListItem.Duration,[COLOR grey]$LOCALIZE[180]:[/COLOR] ]</value>
    <value>$INFO[ListItem.Date,[COLOR grey]$LOCALIZE[552]:[/COLOR] ,[CR]]$INFO[ListItem.Duration,[COLOR grey]$LOCALIZE[180]:[/COLOR] ]</value>
  </variable>
  <variable name="BackgroundOverlayTypeVar">
    <value condition="String.IsEqual(Skin.String(background_overlay),0)">$LOCALIZE[231]</value>
    <value>$INFO[Skin.String(background_overlay),$LOCALIZE[467] ]</value>
  </variable>
  <variable name="MasterModeLabel">
    <value condition="!System.IsMaster">$LOCALIZE[20045]</value>
    <value>$LOCALIZE[20046]</value>
  </variable>
  <variable name="ChannelListEPGIconVar">
    <value condition="!String.IsEmpty(Listitem.EpgEventIcon)">$INFO[ListItem.EpgEventIcon]</value>
    <value>$INFO[ListItem.Icon]</value>
  </variable>
</includes>
